"","Aridity_2020","Elevation","Enhanced_Vegetation_Index_2020","Precipitation_2020","Rainfall_2020","Mean_Temperature_2020","Malaria_Incidence_2020","Malaria_Prevalence_2020"
"1",31.53978729,177.7929688,0.314935535,123.0174942,1183.953491,27.65950584,0.309521854,0.257954568
"2",29.42814064,75.55859375,0.25765729,117.3246994,1238.713379,27.7974968,0.253107041,0.195598289
"3",35.84780121,173.78125,0.326296687,133.5999603,1170.159424,27.39509583,0.27599296,0.223645419
"4",40.11928177,96.01171875,0.400224298,144.939621,1400.17627,27.38823891,0.427885145,0.424077123
"5",27.94386673,100.0361328,0.339118421,113.844574,1217.590698,27.76714516,0.341789335,0.302239895
"6",34.33494186,133.1064453,0.355192631,129.9124603,1151.507935,27.47408867,0.390666276,0.365599304
"7",36.83046341,124.7333984,0.321143508,135.9753876,1203.795898,27.33086014,0.397475392,0.38108173
"8",47.29491043,231.6201172,0.343509108,158.2326813,2059.050293,25.98919296,0.34436354,0.313957572
"9",32.85145569,174.2861328,0.304074794,126.8055725,1287.237915,27.38981438,0.315212339,0.271085709
"10",39.55877304,67.39257813,0.357315511,143.3765259,1245.813843,27.34431458,0.426245838,0.422344565
"11",35.73378372,135.0029297,0.368124306,132.9423981,1184.753906,27.36046028,0.371630222,0.346349537
"12",37.13830948,195.2480469,0.399800509,136.5880585,1263.121704,27.35843468,0.394475758,0.371788681
"13",41.52199554,166.1445313,0.304506928,146.907486,1397.343628,26.89982605,0.340896159,0.30368951
"14",35.6425705,205.9482422,0.262408048,133.2744446,1291.922729,27.28329086,0.254025072,0.198368087
"15",35.30223846,131.5585938,0.305199325,132.8323364,1315.523438,27.22880554,0.330932647,0.291129112
"16",36.04682922,140.3037109,0.296167463,133.859848,1276.447876,27.32333755,0.354385585,0.320437908
"17",24.12300873,530.8525391,0.283648789,102.1381912,1440.173828,26.63700867,0.293863147,0.264252692
"18",23.74708939,398.0791016,0.277370185,100.8076401,1425.151123,26.80425453,0.267933518,0.232808679
"19",23.87953568,432.8154297,0.253604233,101.3159714,1436.948975,26.71484375,0.292488039,0.264369041
"20",24.13269997,483.9736633,0.228792161,102.0437469,1404.258057,26.69493675,0.301540971,0.275209695
"21",24.15215302,426.3212891,0.226560161,101.8548584,1428.469849,26.81079292,0.289185762,0.261072814
"22",23.98791504,490.3818054,0.223032147,101.9965286,1416.668091,26.51675415,0.213781476,0.167268708
"23",23.47671318,552.5888672,0.300487071,100.507637,1478.593384,26.57092094,0.246696934,0.204883069
"24",23.60873222,452.921875,0.261396199,100.6493073,1444.327148,26.69117546,0.267705649,0.231207833
"25",24.32876205,309.5693359,0.298991024,101.7573776,1378.237183,27.08502579,0.260373026,0.227686509
"26",24.39717293,503.0341797,0.297343403,102.5493088,1371.427612,26.80523682,0.301597595,0.275257081
"27",23.82849503,186.9277344,0.304504454,100.0186615,1372.87439,27.45334244,0.301030755,0.276329249
"28",26.24355316,196.9072418,0.332092255,105.3276901,1191.057129,27.62530327,0.256725699,0.220201001
"29",33.37340164,360.2119446,0.377749234,125.7967758,1316.772949,27.38799286,0.192128837,0.147717506
"30",32.90508652,367.5224609,0.372357577,123.1484375,1246.666016,27.45017433,0.182138935,0.138794854
"31",32.89253998,425.6767578,0.35241279,116.498703,1211.792969,26.88880157,0.255304188,0.228780434
"32",35.53427887,402.9472656,0.371209443,131.1298218,1210.478271,27.30221367,0.254757375,0.222209871
"33",32.46776199,92.0488205,0.332123071,119.2429276,1247.598511,27.37022591,0.221757337,0.186674833
"34",32.07712936,329.1269226,0.402026832,122.7242584,1303.546387,27.47699738,0.251577437,0.217303813
"35",29.91616058,103.0556641,0.363589913,114.7591171,1233.018066,27.49732399,0.224658743,0.187774688
"36",41.94135666,28.20605469,0.365742147,144.756546,1361.603638,27.29250526,0.249167144,0.223989382
"37",37.22100067,93.16798401,0.328804642,132.6617432,1089.674927,27.45761108,0.194441751,0.154018596
"38",32.19459915,429.0400391,0.415240109,114.4440689,1329.011475,26.92769051,0.380660444,0.421087176
"39",28.54694939,169.4082031,0.35174638,110.1263046,1199.903442,27.64700508,0.257765472,0.230495661
"40",35.6107254,399.4648132,0.361388236,124.5381088,1169.231567,26.959795,0.221586436,0.186628699
"41",31.43756866,331.3310547,0.389058441,120.3965149,1319.383667,27.5110817,0.240000919,0.203681454
"42",28.27779198,289.2265625,0.355563611,102.884201,1239.997314,27.3125,0.356755406,0.379587591
"43",34.31620407,276.7304688,0.422208548,127.1352844,1201.755249,27.40321159,0.245307222,0.21114777
"44",26.13668251,305.9814453,0.195991024,95.9263916,1037.793945,27.54097176,0.291656137,0.268147707
"45",26.11913872,320.8300781,0.189515039,95.73125458,1033.653198,27.54282379,0.303310603,0.284359396
"46",25.97008133,311.2070313,0.214385852,95.72222137,1046.962769,27.59050941,0.338789076,0.335053355
"47",28.96626472,531.7851563,0.389220536,101.8370361,1197.838257,27.00033379,0.33778882,0.339909136
"48",28.07196617,415.9316406,0.338691831,98.30752563,1123.930298,27.04328728,0.317922235,0.307721287
"49",26.57657623,321.7001953,0.363942415,95.75833893,1068.014038,27.39976883,0.418175876,0.474289179
"50",26.63964462,350.2616882,0.365772843,97.8266983,1157.210083,27.47491455,0.389617383,0.415951163
"51",26.17162704,322.5751953,0.281153232,96.31666565,1090.713745,27.53726959,0.408949256,0.452485651
"52",26.29480934,316.7236328,0.246951878,95.9520874,1066.977295,27.48958397,0.333153963,0.326470941
"53",25.12226105,350.3857422,0.335519016,94.9368515,1012.936523,27.72803879,0.456750542,0.548411012
"54",25.82894135,306.9199219,0.318473071,96.0368042,1096.218628,27.64930534,0.399783701,0.435538679
"55",28.30027771,411.3515625,0.387413085,98.38645935,1139.99585,27.02639008,0.427288085,0.498542041
"56",25.98036385,293.3212891,0.22016637,95.9006958,1053.84436,27.59236145,0.335419595,0.329537034
"57",25.72714806,360.90625,0.344236553,96.79839325,1149.996582,27.75164986,0.40466246,0.443457365
"58",23.02974129,439.1542969,0.318007857,101.6547165,1517.272583,26.70160675,0.317882121,0.275795817
"59",24.21230698,174.2285156,0.224652171,104.3153915,1277.134766,27.34032059,0.284011304,0.239792064
"60",24.27229118,159.6367188,0.256203383,104.4207153,1292.587402,27.32669258,0.292126268,0.249304131
"61",24.28812408,157.9960938,0.286214054,104.5397873,1255.734863,27.60027504,0.336410016,0.307558119
"62",25.69152069,164.2373047,0.314915299,107.774292,1306.001587,27.52486992,0.353114575,0.327998102
"63",23.73967552,296.1494141,0.313304096,102.3952103,1357.439819,26.62876129,0.371400058,0.343731642
"64",22.80859375,219.1201172,0.309249103,101.3200531,1513.513672,26.94283867,0.3008717,0.257359654
"65",24.09286499,229.5380859,0.261915147,104.104744,1290.737183,27.36757851,0.330233574,0.295973867
"66",28.28166008,69.25391388,0.24687098,113.6679688,1134.996582,27.59583282,0.267012507,0.218955562
"67",24.97554779,193.5019531,0.282426894,106.1775208,1293.899048,27.54830742,0.309455127,0.272997588
"68",27.90789223,180.5390625,0.403298169,109.8606796,1165.11145,27.49960899,0.292748541,0.255480409
"69",23.98107719,409.5742188,0.204390347,102.0993042,1399.401245,26.45523834,0.287651479,0.239045411
"70",24.35109901,358.8916016,0.282674968,102.7826385,1361.622681,26.6529808,0.305019915,0.259956181
"71",23.24063873,196.8291016,0.249574989,99.20646667,1080.474365,28.45154762,0.406945616,0.349284917
"72",23.31420898,289.8935547,0.227313116,99.04288483,1231.994629,28.27756119,0.3943699,0.339544147
"73",23.44773674,424.6269531,0.280356199,99.80859375,1419.163208,26.96393204,0.255000502,0.187381193
"74",23.1946106,190.7617188,0.252661794,99.54153442,1088.657349,28.46601677,0.403241307,0.345537931
"75",23.72074699,224.2871094,0.293581367,96.37582397,1110.421021,28.37643242,0.449032038,0.407325
"76",22.23858261,304.9296875,0.260017842,95.95890045,1351.929321,27.82161522,0.277949721,0.213628709
"77",23.25622559,134.0058746,0.296634376,96.52309418,1208.346313,28.33883095,0.345394045,0.287683517
"78",23.09994888,180.1689453,0.316112518,97.00074005,1276.446045,28.11640739,0.300215364,0.234064013
"79",27.57159233,61.10450363,0.290688485,107.3784256,1274.513428,27.7501297,0.317667812,0.252618879
"80",23.32174683,240.0351563,0.249424636,98.42910767,1212.622314,28.28323174,0.404447526,0.353151381
"81",24.36036873,85.599617,0.30356127,96.21289063,1141.167725,28.26145935,0.401230305,0.346849889
"82",21.64740753,357.5087891,0.242613956,101.9858475,1197.176758,27.7103157,0.325540215,0.260344028
"83",23.2022953,525.9404297,0.310925573,99.73059845,1487.167847,26.65486145,0.340786159,0.331019402
"84",23.10825157,296.7978516,0.254686356,98.35416412,1252.034668,28.13143921,0.403119534,0.352814794
"85",22.82336235,183.2001953,0.34521386,97.9888916,1362.420044,28.12730026,0.395839363,0.348554581
"86",23.32427597,249.5761719,0.330785125,97.61371613,1176.422485,28.18580818,0.383457094,0.324759007
"87",22.05892944,1247.396484,0.204544351,105.0176773,1218.18811,23.59555817,0.192904964,0.140884727
"88",22.16021156,1273.8125,0.219819695,105.3722534,1208.860229,23.55426788,0.204214916,0.151334122
"89",21.87276268,187.5234375,0.261368066,98.01099396,1084.089966,27.57209206,0.312338561,0.27031073
"90",20.44812012,230.7548828,0.268873245,94.58853912,972.9525757,27.01736069,0.321268111,0.278453588
"91",21.10565567,842.734375,0.261330158,104.2503967,1246.450806,24.27721405,0.193191841,0.140535221
"92",22.90619469,937.1757813,0.320837706,102.4081192,1162.665771,25.12893486,0.276713073,0.227371708
"93",21.84415054,1229.333008,0.264301777,104.5362015,1210.065674,23.70690155,0.195200086,0.143013805
"94",18.7252121,288.8554688,0.259103239,89.51610565,983.3925171,27.23294258,0.297946781,0.248255625
"95",20.75796318,251.1982422,0.24992533,95.56771088,1028.984497,26.91041756,0.296718478,0.249444336
"96",21.0438633,1055.963867,0.317854434,96.79354858,1058.187622,26.24285316,0.321050763,0.279930264
"97",22.47589493,183.2226563,0.257123709,100.057724,1112.270874,27.53216171,0.340764612,0.314646751
"98",23.01681328,1088.620117,0.292413354,105.3122406,1192.162109,23.769907,0.240285218,0.184812993
"99",22.11885071,150.1181641,0.281475484,98.609375,1047.452637,27.68936729,0.340881675,0.303434819
"100",22.61872101,1259.209961,0.258634597,105.1040802,1116.297119,23.53083038,0.165131167,0.112401396
"101",22.17548752,1038.014648,0.276590347,103.9216156,1074.708618,23.61940193,0.187700525,0.133152455
"102",26.07328415,488.5625,0.251358032,105.6239624,1315.054443,26.06510544,0.359550029,0.306769818
"103",13.08960629,540.3887329,0.298414648,69.64344788,1016.779907,27.27902222,0.156617805,0.101061918
"104",18.85887909,163.2646484,0.193016216,85.16426849,880.7113037,28.12769127,0.286816865,0.22605513
"105",19.78675652,186.7714844,0.257590055,87.62080383,976.6899414,27.91103935,0.288887054,0.27590239
"106",25.13974762,485.6982422,0.265490592,103.0642395,1283.612061,26.45075226,0.385320693,0.339752644
"107",16.05574417,535.7714844,0.234075651,77.62622833,1148.187744,26.71811295,0.410021782,0.36040473
"108",22.91160965,349.6826172,0.291076601,96.426651,1165.5896,26.75026131,0.375219882,0.324204773
"109",13.42710304,449.4169922,0.25400278,70.83068848,1009.951538,27.49516869,0.245428428,0.171750098
"110",21.57600784,356.6494141,0.274643749,93.47730255,1081.646362,27.22981834,0.425926298,0.392047703
"111",15.0964613,919.0449219,0.273133218,74.72486115,1141.442017,26.98290062,0.220793471,0.161423817
"112",16.80587959,318.6210938,0.257622063,79.42018127,978.5673828,27.30017471,0.394459158,0.339939237
"113",18.84601974,162.6171875,0.209720701,85.06420898,879.8041382,28.1431427,0.316033274,0.25854528
"114",16.61287117,195.8974762,0.224296644,80.47412109,874.4765015,27.60402298,0.369680285,0.309332281
"115",15.97844887,515.7734985,0.275002956,79.00062561,998.7248535,27.59754181,0.409761488,0.328039289
"116",16.86531448,211.8349457,0.211694285,81.19726563,859.9854736,27.6091156,0.414731026,0.333033651
"117",10.97943401,363.59375,0.187960729,66.1931839,636.5302734,27.65844917,0.23147279,0.149030313
"118",16.67523766,510.8203125,0.254473239,90.30321503,1238.272339,26.05477524,0.126510516,0.071597964
"119",18.2953949,207.7509766,0.305772811,88.002388,965.7351074,27.30464363,0.313944966,0.224915758
"120",19.72216034,667.5634766,0.241838098,95.54206085,1023.660889,25.63624191,0.242733851,0.16362758
"121",13.95582962,346.3476563,0.219377875,77.37025452,927.5327148,27.19587708,0.223734751,0.147797644
"122",11.646842,374.2558594,0.215869978,69.35482025,690.8603516,27.53854179,0.210517138,0.132243097
"123",15.16544724,471.3632813,0.295865208,82.9704895,997.4448242,26.77012444,0.207953483,0.133686453
"124",17.20481682,573.7695313,0.283539712,89.69878387,1107.059937,26.19492149,0.228216261,0.149883524
"125",12.11378956,384.7792969,0.226432815,71.45716095,759.486084,27.44687462,0.230410308,0.149038076
"126",17.22338676,498.9228516,0.234188914,93.2410202,1276.241455,25.85959244,0.186009601,0.114032567
"127",18.57530594,566.7539063,0.267303348,92.49733734,998.4406128,26.22362518,0.276932716,0.193841338
"128",20.57594872,823.65625,0.273701608,103.5760269,1376.170166,24.61986351,0.223042235,0.150579944
"129",16.05788231,445.90625,0.228530094,87.69829559,1137.577759,26.32844353,0.144051179,0.084614418
"130",12.66376877,382.8710938,0.223037109,74.40697479,832.2437134,27.34043694,0.166045174,0.099188693
"131",13.5573864,401.8125,0.236997992,77.98145294,967.7590332,27.11564064,0.194386974,0.120899662
"132",19.65345383,624.2558594,0.255822092,96.96642303,1137.084961,25.15671349,0.204185069,0.133945897
"133",10.39421177,334.3632813,0.192765892,58.9894104,703.5241699,28.37287331,0.159316584,0.093472965
"134",10.16571808,319.6650391,0.19680658,57.88767624,690.1700439,28.47973061,0.140111968,0.079524167
"135",8.223496437,304.4453125,0.239478409,50.16535187,665.8668213,28.35801506,0.180704385,0.109265968
"136",10.12531567,315.3583984,0.234605119,57.64149475,690.5969238,28.53236389,0.181335643,0.109469593
"137",10.0242548,314.9560547,0.215088546,57.2935791,676.7340698,28.47287369,0.182565391,0.110675082
"138",10.36994076,321.6943359,0.240384951,58.64207458,716.7307739,28.59537125,0.200412601,0.124092288
"139",8.827160835,302.4833984,0.22888732,52.2624855,692.34198,28.38978577,0.202402547,0.12390656
"140",10.09985256,321.1503906,0.207605407,57.7706604,691.9230347,28.37605667,0.190293118,0.116432816
"141",10.54313946,335.9160156,0.22214888,59.5987854,725.0722046,28.37128258,0.227814615,0.14606604
"142",7.402828217,288.9335938,0.206836596,44.71449661,615.9969482,28.34023476,0.180763334,0.108179435
"143",8.626833916,289.8554688,0.217849836,50.1902771,714.3126221,28.58724022,0.186035246,0.112038247
"144",13.50676727,476.6347656,0.260790378,71.03696442,991.9555664,27.73848343,0.232019678,0.160786241
"145",9.562088013,330.2109375,0.227160662,56.12621689,712.7821655,28.19301224,0.207517579,0.128936812
"146",11.36606026,360.0527344,0.237166166,64.2582016,768.8887939,27.74934959,0.264097363,0.177554056
"147",15.1271801,385.5585938,0.217686489,78.75522614,1029.279175,27.64961052,0.327294201,0.242536694
"148",15.20125008,374.7402344,0.246607602,78.73178864,1049.963257,27.64839554,0.353443801,0.269130468
"149",15.59449673,517.5410156,0.1678866,80.31278992,902.1137695,27.58153915,0.27850911,0.196496397
"150",14.42655659,287.3808594,0.236219019,78.06558228,836.9050293,27.57708359,0.290672243,0.207689553
"151",15.59449673,517.5410156,0.1678866,80.31278992,902.1137695,27.58153915,0.27850911,0.196496397
"152",15.06577778,503.6318359,0.229321823,79.71718597,911.4336548,27.39704895,0.319238812,0.23368302
"153",15.41330147,409.3486328,0.213935927,80.0133667,849.3986816,27.61267471,0.340404779,0.254570216
"154",17.51134491,290.9072266,0.270020396,83.97009277,889.2470703,27.40902901,0.424230307,0.345682055
"155",17.10586357,488.4531555,0.244713739,83.68880463,1007.204773,27.18524361,0.366488308,0.283705115
"156",14.52901077,414.0351563,0.235300928,78.90081024,965.2494507,27.15785599,0.29939726,0.215955004
"157",14.16215515,329.90625,0.248695955,77.50030518,838.9396973,27.52384377,0.274832666,0.195255637
"158",15.59449673,517.5410156,0.1678866,80.31278992,902.1137695,27.58153915,0.27850911,0.196496397
"159",15.31239128,347.1484375,0.227806151,79.78239441,866.9782104,27.67948532,0.359173596,0.272391915
"160",14.25136948,339.9697266,0.246570915,77.79058075,852.8863525,27.54097176,0.285877764,0.204057038
"161",15.18559551,267.9658203,0.137480155,79.38713837,870.9654541,27.71582794,0.284527749,0.200169191
"162",15.83682442,375.0810547,0.230897799,80.71419525,857.4943848,27.63541794,0.331110954,0.245886192
"163",21.26672745,212.4052734,0.246050119,95.0799942,1162.420166,27.68441963,0.432549149,0.396686703
"164",24.22663498,131.5625,0.222753406,104.228157,1189.233032,27.77763367,0.306429267,0.24291119
"165",37.0611496,290.8994141,0.33995679,136.265152,1970.170776,26.56720161,0.267269999,0.209406883
"166",20.84057045,167.8720703,0.267160624,94.33072662,1052.446899,27.85703087,0.430435091,0.391313881
"167",21.53831863,236.4228516,0.257311195,95.84552765,1202.265747,27.67131042,0.457866192,0.432806402
"168",21.85250282,439.2998047,0.299172044,96.05996704,1179.242798,27.08638573,0.323213845,0.261143744
"169",23.18106842,108.5683594,0.299410135,101.5831909,1110.895142,27.78995895,0.376078069,0.321011245
"170",19.04883003,195.9472656,0.287405074,89.22691345,928.7980347,27.70274925,0.337992758,0.278663456
"171",38.67713165,235.4931641,0.400204659,137.5623322,2185.757813,25.27556419,0.420921504,0.38890776
"172",42.03033066,1142.351685,0.418291152,143.6109314,2078.227539,23.65273476,0.319131762,0.267271638
"173",38.41640472,267.4677734,0.33652398,139.3945313,1984.970825,26.40846443,0.371261865,0.33244881
"174",30.7011013,175.5527344,0.308100551,121.0055161,1375.457642,27.47000885,0.38049379,0.332883
"175",22.26080894,451.5097656,0.238560349,96.01132965,1143.564575,26.44856834,0.366041124,0.312727898
"176",21.41131973,206.734375,0.230485737,95.32498932,1157.14563,27.5349102,0.366258919,0.310456812
"177",11.65094566,386.9345703,0.210356593,67.46979523,811.0361938,27.54852486,0.245450348,0.164276764
"178",7.323836803,327.4736328,0.179976076,47.5982666,466.6798096,28.31497383,0.160383299,0.094040774
"179",8.016557693,335.5107422,0.184214383,51.54813385,427.9346924,28.02365494,0.139386907,0.079327337
"180",11.56481552,396.7480469,0.221408874,66.36818695,783.4914551,27.59661484,0.260804474,0.174712703
"181",13.61287594,291.625,0.22779958,75.78129578,809.4551392,27.45578766,0.286575705,0.20063819
"182",11.6087532,386.3154297,0.222349703,68.78858185,745.0818481,27.40269089,0.276269913,0.192427516
"183",9.047136307,346.5771484,0.251088023,56.70677185,472.5561523,27.88129425,0.185803756,0.115350917
"184",7.762051582,343.6416016,0.187327176,50.22986221,518.7215576,28.20439911,0.161328852,0.094123319
"185",12.38317108,426.9257813,0.246238351,71.99062347,819.6699829,27.28068542,0.278141588,0.192614079
"186",7.562094212,346.7685547,0.191460669,49.2159729,547.4342041,28.2784729,0.150387853,0.085299276
"187",6.991580486,346.7695313,0.181131735,46.10902786,496.248291,28.42754745,0.1423866,0.0796073
"188",13.46766472,461.1396484,0.230414942,73.91783905,858.4267578,27.50364685,0.288366586,0.200473443
"189",6.367308617,332.6328125,0.197618455,42.484375,445.3710022,28.46992302,0.147063136,0.08365538
"190",13.94913387,309.4443359,0.255531549,76.40238953,799.624939,27.5284729,0.32921353,0.239957765
"191",15.34083462,443.0273438,0.237154275,85.78016663,1057.965332,26.50153351,0.166116416,0.098604642
"192",11.99251556,462.5751953,0.219683245,72.30140686,809.9559326,27.4052372,0.098414898,0.052831415
"193",11.40004444,396.0722656,0.234197795,69.52196503,732.5584717,27.65946198,0.159748375,0.093751863
"194",15.83475208,441.6201172,0.242962971,87.70212555,1102.58667,26.32092094,0.154515624,0.089781076
"195",8.274840355,348.9375,0.19926092,52.989151,571.4044189,28.11901093,0.166482776,0.097273722
"196",14.34672451,443.7646484,0.239824444,82.0895462,953.7709961,26.8739872,0.165921316,0.099271886
"197",12.26086712,392.5927734,0.219457671,73.29540253,771.5839844,27.46553802,0.154477179,0.091604121
"198",14.62643623,445.2617188,0.244494557,81.13504028,1006.007996,26.89065361,0.20275864,0.128862545
"199",11.76997566,480.4560547,0.215829998,71.2914505,851.4193726,27.40512276,0.129609004,0.072433837
"200",11.82605839,373.3066406,0.208969086,70.59088898,730.6304932,27.51723099,0.176858678,0.106874853
"201",8.919300079,349.1503906,0.213962674,56.19739532,555.1126099,27.95603371,0.158283487,0.093206316
"202",11.50514984,367.7226563,0.197891951,69.49563599,698.1146851,27.5631218,0.161053807,0.095523976
"203",12.25259113,479.1816406,0.222785667,73.46945953,829.1989746,27.33440399,0.099582747,0.053381067
"204",10.36810875,381.1582031,0.226199865,64.45703125,652.1757202,27.90193939,0.154793933,0.090769023
"205",9.62989521,365.8486328,0.215433314,60.60690308,569.2480469,28.00585938,0.147528037,0.084776975
"206",11.16907024,368.6191406,0.19693844,68.03825378,686.9887695,27.65044975,0.18551144,0.11345461
"207",20.9803009,654.5029297,0.281222641,102.114151,1354.05896,25.8985672,0.34228012,0.289959788
"208",20.82133484,788.0039063,0.249606818,103.8979187,1365.55896,24.625,0.199633911,0.144646689
"209",19.48421669,688.0996094,0.262978554,100.5077744,1249.330933,25.96397591,0.193158999,0.134756863
"210",19.76507568,652.3554688,0.223419219,100.9460068,983.4463501,25.92782211,0.154558122,0.101357348
"211",22.381464,779.859375,0.305229366,101.2353287,1501.87915,25.51831627,0.312344223,0.255475491
"212",20.98806953,606.8056641,0.176214427,101.0870667,1297.753052,26.13506889,0.22468169,0.166025877
"213",22.64317703,543.7294922,0.310425639,99.18412781,1503.26355,26.50254631,0.373040199,0.332512468
"214",22.31854248,788.078125,0.330404073,102.3601608,1393.434814,24.97986221,0.297749966,0.23427847
"215",20.39101791,642.4189453,0.263654798,102.0834198,1364.916992,25.8776474,0.293433994,0.237274021
"216",20.19242477,671.6357422,0.257252842,102.0848083,1352.143555,25.87139702,0.246722221,0.189398706
"217",20.82898712,910.0800781,0.310225099,102.8458328,1256.634766,25.36597252,0.300097555,0.246024355
"218",18.47465134,652.3134766,0.245622754,97.7576828,1112.051025,26.09457588,0.211057916,0.151058078
"219",22.8629055,607.5996094,0.320199579,102.2933197,1329.025879,25.05717659,0.270048261,0.20850569
"220",19.21248245,654.2294922,0.245067686,99.87322235,1030.570801,25.94140625,0.195927963,0.13642104
"221",19.75103188,638.8818359,0.236315727,100.9034348,1036.099854,25.92682266,0.182376817,0.124766789
"222",21.13425064,600.2285156,0.23211658,100.7674484,1306.160278,26.15659714,0.278153419,0.219293863
"223",21.13425064,600.2285156,0.23211658,100.7674484,1306.160278,26.15659714,0.278153419,0.219293863
"224",16.65251541,497.1201172,0.26026085,91.45729065,1191.737305,26.57473946,0.147314087,0.085878409
"225",13.48067284,414.2802734,0.222469196,78.64603424,949.5266724,27.17003822,0.130255938,0.074211583
"226",16.88104439,518.2226563,0.252349824,92.35264587,1159.395508,26.51002693,0.146497875,0.085272089
"227",14.47463131,489.2890625,0.166670144,82.91375732,1068.373779,26.93381119,0.106185041,0.057805084
"228",13.05152416,391.9707031,0.22454153,76.7960968,892.6522217,27.23250961,0.156001642,0.092529483
"229",16.85429955,491.8310547,0.245688111,92.22998047,1168.720215,26.49603653,0.116128244,0.064793676
"230",12.66988468,455.2578125,0.223337382,75.25603485,861.7566528,27.30199623,0.117812678,0.065271683
"231",18.42785835,592.4785156,0.259754062,97.89640045,1251.452271,25.99566078,0.177381128,0.109409504
"232",16.77495766,486.2695313,0.243343055,91.95404816,1168.164795,26.50292206,0.120541669,0.067757174
"233",16.15140152,547.3310547,0.22467044,89.76692963,1060.805054,26.56898117,0.185386226,0.114297956
"234",17.23735046,552.7636719,0.263255358,93.60664368,1118.411743,26.41783905,0.149689749,0.087967671
"235",12.3008461,432.7734375,0.236475334,73.64775848,808.458252,27.38127899,0.126823619,0.070907377
"236",15.79353619,466.8808594,0.244172513,88.21211243,1153.293579,26.71601677,0.156247512,0.091661036
"237",16.4203968,519.5830078,0.235682294,90.6820755,1265.068237,26.40128708,0.175058216,0.106589518
"238",14.68612099,481.2695313,0.227630883,83.85154724,1062.727661,26.85389137,0.121742196,0.067793064
"239",14.47463131,489.2890625,0.166670144,82.91375732,1068.373779,26.93381119,0.106185041,0.057805084
"240",14.47463131,489.2890625,0.166670144,82.91375732,1068.373779,26.93381119,0.106185041,0.057805084
"241",14.07486629,452.6787109,0.229331732,81.19805145,1073.95166,27.03841209,0.170765117,0.102311388
"242",15.68432045,529.5664063,0.238395214,88.81451416,936.6091309,26.59092903,0.208142325,0.13236928
"243",18.88379669,699.0322266,0.252551228,99.35221863,1039.74939,26.25976563,0.168984056,0.103588991
"244",14.56570339,547.1933594,0.223500177,83.69084167,966.2371216,26.66996574,0.150633946,0.087985173
"245",10.28752995,478.5732422,0.211868778,64.1863327,686.5942383,27.76506042,0.130547032,0.07587003
"246",18.18434525,650.9697266,0.269960344,97.319664,1043.685669,26.29845238,0.207538277,0.134469032
"247",10.52791119,403.0380859,0.234496608,65.42734528,723.1539307,27.81623268,0.142121449,0.081646122
"248",13.7375021,544.1230469,0.223382786,80.52656555,933.9592285,26.96801186,0.177205309,0.105593368
"249",10.61647701,480.0966797,0.189773425,65.81601715,761.4251709,27.68236542,0.137935281,0.07939849
"250",19.03518486,700.3623047,0.283147544,99.70091248,1032.04187,26.23294258,0.221965387,0.146122396
"251",17.22174454,596.5820313,0.258273542,93.94869995,1085.613281,26.36064911,0.162937254,0.098802678
"252",14.68401814,517.2255859,0.210680336,84.38211823,938.3707886,26.66749191,0.153127193,0.089549787
"253",10.37225914,475.6435547,0.211763918,64.7077713,710.2087402,27.74609375,0.171855986,0.100998722
"254",11.58348274,496.6972656,0.207977235,70.71957397,800.8503418,27.50581741,0.150104761,0.085981719
"255",14.9691782,539.9570313,0.227021635,85.3273468,973.9300537,26.57453728,0.134981021,0.077747285
"256",11.16026878,473.9501953,0.207121685,68.44319153,778.5101929,27.5795002,0.138119057,0.079027727
"257",10.67682552,479.8544922,0.214415342,66.31124115,769.0204468,27.70026016,0.16540353,0.096101008
"258",15.41308498,521.1875,0.214210704,87.67263031,963.5298462,26.6087532,0.173483595,0.105422184
"259",15.67656803,260.7001953,0.195444271,88.7325058,970.8536377,29.27591133,0.305469215,0.217532545
"260",14.57110214,208.5957031,0.169209823,84.77990723,960.1243286,29.36497498,0.305217206,0.217634737
"261",12.03774548,257.3603516,0.200647652,73.89211273,797.4730225,29.44820595,0.388661981,0.308336914
"262",13.66135311,243.2216797,0.19805555,80.79587555,863.8508301,29.33094597,0.36567533,0.276054889
"263",19.89154053,169.3046875,0.221277803,99.16072083,1232.797485,28.9997406,0.339210659,0.251585305
"264",17.84209633,165.0615234,0.217933685,93.96760559,1140.168945,29.16848946,0.369271785,0.277800798
"265",15.64530373,206.2070313,0.202493429,89.04016113,978.6260986,29.41838837,0.326994658,0.237466246
"266",15.29114723,255.5390625,0.207913086,87.07791138,952.1022339,29.23797798,0.372766882,0.284096181
"267",14.74243355,194.8310547,0.178131148,85.50611877,1137.610718,29.40442657,0.335164607,0.245757386
"268",16.87605858,254.8007813,0.21492064,92.70772552,1066.811035,29.25811577,0.367261618,0.275599629
"269",20.37054634,188.7177734,0.234511748,100.0773849,1214.958862,28.85182381,0.379906386,0.305841714
"270",17.22251511,216.4072266,0.213744178,93.78646088,1015.142944,29.2682724,0.355019838,0.264181376
"271",20.5690155,411.1298828,0.244253144,99.97131348,1276.527954,27.84974098,0.285072118,0.206363976
"272",20.42687225,267.2636719,0.261648536,100.0145416,1262.879395,28.33411598,0.37845549,0.296188891
"273",19.53883743,398.3955078,0.210817724,97.28203583,1267.392944,27.91358566,0.385548443,0.3096762
"274",9.398621559,344.9814453,0.188760146,61.95189667,723.1322021,29.17646217,0.276590377,0.191877633
"275",12.80077267,281.9951172,0.219828591,77.21077728,839.1821289,28.48522949,0.265338212,0.182512254
"276",12.25293255,277.7412109,0.188451141,74.66046143,916.6324463,29.06215286,0.231613711,0.151381716
"277",13.50204945,308.4443359,0.205882236,79.64041138,981.088501,28.74370766,0.312997758,0.22317867
"278",9.673790932,330.9121094,0.164139941,63.12903976,700.7896118,28.96263123,0.209734753,0.135723442
"279",11.20209217,264.4228516,0.201685503,70.32083893,798.109436,29.02760506,0.296107352,0.207116157
"280",11.34298992,276.7744141,0.201480344,70.90763855,818.7578125,29.10225677,0.285960495,0.197333783
"281",9.253650665,295.0019531,0.186694667,61.40276337,713.1487427,29.32003784,0.309188545,0.219994605
"282",11.67831326,263.0986328,0.210009128,72.29656982,895.088501,29.13702393,0.274457693,0.186795071
"283",12.26516438,271.0625,0.183727816,74.71263123,937.6411743,29.02704048,0.251021832,0.167278707
"284",14.26747513,262.6494141,0.172346339,82.43615723,1045.669556,28.72756195,0.293828189,0.204671711
"285",15.66649723,263.2705078,0.205970749,88.3015213,980.234314,29.17825508,0.329992563,0.23877047
"286",13.86040401,296.5429688,0.196567476,80.9845047,1034.219727,28.86104012,0.357765049,0.26379922
"287",13.20663166,290.4824219,0.19242838,78.56054688,1041.624146,29.04062653,0.291679531,0.202321857
"288",12.44181156,291.3583984,0.194125444,75.4441452,932.3735352,29.05659866,0.313692808,0.222408608
"289",16.58691025,423.3203125,0.224165797,93.19626617,1179.212158,27.28650284,0.30170989,0.213392958
"290",16.77260208,459.4501953,0.195147157,94.15807343,1228.155762,27.14622498,0.241226926,0.159305215
"291",14.89632416,316.8427734,0.219763353,85.68489838,1021.896851,27.86562538,0.262981206,0.183608234
"292",16.22601891,231.1669922,0.231468603,89.33395386,989.8424072,28.46465683,0.311051846,0.220881462
"293",16.77519798,244.3496094,0.20898737,90.66470337,1074.86731,28.15206909,0.320774019,0.230559334
"294",16.3920269,439.1230469,0.225076258,92.98634338,1156.130371,27.19117546,0.304312527,0.215178251
"295",16.54092026,220.3740234,0.224711835,90.49764252,1054.650879,28.65444183,0.288371414,0.203479439
"296",15.02883053,405.4912109,0.225193411,87.0145874,1039.69751,27.42317772,0.277942389,0.19509919
"297",15.346488,337.9814453,0.195100456,87.51406097,1069.584839,27.72719955,0.291377366,0.208393976
"298",16.5871563,420.6865234,0.232709825,92.82039642,1148.230591,27.38190079,0.287811279,0.201827317
"299",15.88679886,383.0244141,0.220482081,89.37795258,1109.083862,27.72418976,0.323943079,0.236567646
"300",14.81920433,436.9824219,0.222968623,86.39004517,990.1349487,27.33330536,0.292100787,0.20584169
"301",16.96466827,465.9550781,0.238985449,94.89267731,1240.423462,27.06734657,0.277939081,0.190854728
"302",16.54092026,220.3740234,0.224711835,90.49764252,1054.650879,28.65444183,0.288371414,0.203479439
"303",66.42514038,58.54589844,0.273170114,194.7798157,2038.084473,27.10885429,0.334146917,0.335994959
"304",60.5894928,100.2422028,0.399146855,187.3540802,2063.578613,27.09414101,0.365232378,0.376131475
"305",61.61581802,137.0263672,0.395193875,187.5190887,2048.330078,27.09529877,0.426930785,0.490981698
"306",66.5121994,60.9140625,0.282267451,195.2391052,2053.721924,27.10364532,0.372982472,0.396468967
"307",60.66842651,70.84960175,0.444085121,187.116272,2072.078857,27.13033867,0.437937051,0.504920423
"308",59.7814827,101.8945389,0.447084606,184.8685303,2041.679321,27.13815117,0.433109641,0.497843176
"309",64.22058105,111.1835938,0.400294513,191.1760864,2029.994385,27.04882813,0.484025389,0.65019238
"310",62.90213394,123.7646484,0.401665866,189.3643646,2035.094238,27.07078934,0.463308692,0.582117736
"311",67.31815338,54.057621,0.370136172,197.0867615,2166.949707,27.13802147,0.467820019,0.594536841
"312",61.20434189,60.28124619,0.429110199,188.504425,2137.510742,27.01966095,0.426543742,0.484758765
"313",65.65424347,75.11132813,0.365868092,192.9790344,2075.171875,27.0703125,0.416383624,0.47827217
"314",67.42024231,23.14746284,0.348556548,195.8171844,2236.217285,27.22460938,0.367418706,0.385524839
"315",60.35973358,115.2148361,0.438278854,185.6402435,2003.904419,27.1223526,0.425619632,0.485659987
"316",60.94577789,124.8066483,0.362138987,186.3951569,1979.434326,27.10782623,0.374560684,0.397327662
"317",50.9280014,124.2138748,0.280636042,165.1741333,1483.343628,27.23851204,0.194003627,0.151583329
"318",51.64751434,71.58204651,0.244152114,166.4915009,1537.27002,27.26640701,0.168819591,0.126380503
"319",51.75005341,28.06640816,0.254335314,166.5105896,1609.985474,27.27861786,0.179767728,0.137099102
"320",50.31583405,116.4912186,0.308208585,163.8758698,1462.30127,27.22282982,0.225769103,0.185566962
"321",53.00592041,235.0263519,0.377932757,170.4901123,1688.891479,27.20089722,0.336674452,0.325816572
"322",47.01989746,33.166996,0.284495026,156.9445648,1436.947754,27.18972778,0.260093898,0.226416215
"323",51.7121048,247.5995789,0.373869121,167.7411499,1705.53064,27.20130157,0.334513813,0.324262798
"324",49.71598053,99.19139862,0.346928656,163.6484375,1496.692749,27.17682266,0.183943942,0.139869452
"325",50.07435989,148.5751953,0.337402195,163.7848969,1462.489136,27.20442772,0.231420219,0.192040846
"326",51.03995514,100.7080154,0.210329175,165.2064209,1462.377197,27.24921989,0.150920808,0.108345427
"327",51.98466492,172.0459137,0.328965664,167.7588501,1628.037354,27.24244881,0.257659703,0.224571109
"328",52.63299942,163.1455231,0.291881859,169.0835114,1630.814819,27.25512123,0.226301566,0.188982978
"329",53.64142227,20.95898438,0.299893588,170.3790436,1703.086548,27.34697723,0.263753712,0.233848602
"330",51.15236664,34.02344131,0.170761883,165.2387238,1496.465454,27.25992584,0.149293095,0.106503211
"331",52.23035812,128.7577972,0.418415487,169.1199646,1730.995361,27.17902184,0.350427866,0.344317943
"332",53.88752747,122.0292892,0.370270699,171.7664948,1670.282837,27.26223946,0.32296598,0.311816871
"333",48.61454773,54.28124619,0.292760283,164.2084351,1710.817383,27.13883209,0.338858038,0.310316771
"334",51.55500793,57.89160538,0.337190539,171.1585999,1749.595947,27.30208397,0.367560148,0.346636087
"335",57.57902908,40.24511337,0.381845385,181.9412384,1791.976685,27.08263969,0.442894906,0.455594569
"336",49.39619827,56.93944931,0.292934537,166.6285553,1629.138794,27.25277901,0.323255032,0.288517058
"337",51.7840538,76.26757813,0.31648317,171.0454559,1805.779053,27.1194458,0.354445636,0.330311239
"338",54.1570816,33.78222656,0.336410552,175.0773468,1912.388672,26.91736221,0.350608349,0.325223655
"339",46.12919235,73.64063263,0.364575952,160.0086365,1621.293823,27.41024399,0.327860266,0.293237716
"340",43.28128815,76.44237518,0.325496107,152.3317261,1570.858887,27.26232719,0.401208222,0.401241153
"341",45.61718369,79.4765625,0.310264558,157.4604645,1643.86084,27.17239571,0.370313823,0.355377614
"342",53.60674667,55.97070313,0.365255237,173.928772,1762.844849,27.24466133,0.366550863,0.345614433
"343",46.07580185,106.9374924,0.315235555,159.1595001,1577.430176,27.28454971,0.367481798,0.348627359
"344",50.24266052,76.53515625,0.324781746,168.5651398,1722.747925,27.30000114,0.368239492,0.347759634
"345",52.25523376,48.94628906,0.333002269,171.0550079,1758.332275,26.93680573,0.402032167,0.405380517
"346",50.38792801,205.782196,0.409491748,167.3634491,1749.6604,27.25421143,0.294223994,0.260670573
"347",44.14879227,180.9013672,0.223542199,153.922287,1507.075928,27.26694107,0.177375361,0.128247738
"348",36.94560623,330.1621094,0.423735887,134.5516052,1255.467163,27.24587631,0.262296766,0.217055902
"349",41.36415863,106.7353516,0.358842343,148.5333557,1502.181885,27.46278954,0.349300146,0.330827177
"350",39.28262711,439.9345703,0.338993669,140.8292389,1322.666138,27.12709808,0.169445708,0.119146109
"351",50.27760315,65.05371094,0.351493627,167.9484253,1686.123291,27.31749153,0.37610659,0.367796332
"352",42.2239418,178.5244141,0.37617591,149.4789886,1490.910034,27.28337669,0.278057098,0.236991599
"353",41.36362076,443.4228821,0.379270911,146.1963501,1476.51062,27.08806419,0.227686331,0.178623646
"354",45.80511475,97.84277344,0.404294163,158.8063049,1614.950562,27.3884697,0.301254928,0.267292142
"355",39.21505737,458.796875,0.360602319,140.8899689,1338.529297,27.16271782,0.236040354,0.188428789
"356",39.08079529,331.5204773,0.399911195,141.0114441,1295.805786,27.23395538,0.23862958,0.191344127
"357",47.71185303,186.920929,0.343221933,160.7810822,1603.734009,27.16653633,0.212457195,0.167111188
"358",38.7494545,395.3496094,0.359100014,139.6376343,1309.935913,27.18155479,0.260297388,0.216242075
"359",38.33897781,318.5683594,0.38177073,138.3181915,1272.962769,27.17461014,0.207551882,0.156689137
"360",38.7494545,395.3496094,0.359100014,139.6376343,1309.935913,27.18155479,0.260297388,0.216242075
"361",55.1113472,199.4785309,0.379142225,175.5605774,1929.262939,27.17061615,0.386116296,0.374281615
"362",55.9131279,159.3750153,0.384584725,177.0242615,1972.269897,27.16723061,0.367177159,0.348108947
"363",62.60552216,109.8994141,0.40305081,187.7540741,2147.126953,27.07298851,0.496821791,0.592161834
"364",57.3717804,97.12988281,0.436991811,179.4337311,2067.419678,27.15229988,0.483344227,0.547122002
"365",54.32159805,138.9589691,0.425204277,173.3387146,1821.462769,27.17473984,0.414506257,0.424563795
"366",59.7977562,144.7158203,0.391360581,183.0216217,2042.236572,27.14648438,0.485103428,0.560086668
"367",58.49761581,179.1279297,0.3761473,180.7789612,2077.736084,27.18956947,0.477820247,0.542671263
"368",59.04422379,135.2490234,0.364095986,181.4226074,2049.099609,27.25478935,0.431925654,0.45900175
"369",63.91545486,89.34668732,0.381654322,189.5992126,2057.279297,27.06740379,0.487346828,0.573590934
"370",59.97140884,161.8115082,0.364738971,183.7951813,2063.981201,27.11236954,0.480889052,0.545393646
"371",60.50976181,34.09375381,0.363203585,183.4359741,2169.545898,27.37449455,0.246597007,0.206114918
"372",56.57975006,101.9365234,0.445844799,177.8414764,1971.93335,27.15221405,0.467229903,0.513923407
"373",58.96260452,69.24707031,0.415693134,181.0182648,1982.492432,27.32918167,0.378790677,0.376427829
"374",57.83589554,73.29688263,0.378368258,179.0653687,1938.02124,27.34822083,0.36258474,0.353963196
"375",62.1954155,69.50878906,0.412000984,186.6780396,2126.939941,27.18354988,0.427354068,0.453669041
"376",62.11268997,65.25585938,0.39340359,186.4836578,2084.204346,27.20805931,0.372316837,0.366973907
"377",71.45724487,19.14258003,0.375376374,208.0447998,2679.998535,27.16770935,0.319620758,0.331735194
"378",66.80941772,85.99414063,0.36375016,198.1645355,2133.662109,27.04704857,0.411402911,0.48646304
"379",67.89686584,65.73925781,0.364982903,199.9362488,2176.898438,27.09843826,0.442558646,0.574238718
"380",71.45724487,19.14258003,0.375376374,208.0447998,2679.998535,27.16770935,0.319620758,0.331735194
"381",67.11656189,67.85938263,0.368926734,198.4541321,2132.820068,27.06718826,0.424957216,0.520119846
"382",71.10905457,31.19921684,0.387241244,206.9322968,2462.453613,27.17465401,0.404051393,0.474387884
"383",67.44610596,64.54199219,0.399206161,199.7417603,2130.56958,26.97339439,0.401162773,0.461482108
"384",70.27593231,21.75292969,0.347315282,204.4102478,2626.70874,27.2002182,0.400655627,0.462709665
"385",64.97250366,73.19530487,0.385475665,195.0415802,2123.191406,27.02261353,0.422708154,0.507433951
"386",71.45666504,39.92285156,0.393399835,208.2364349,2639.796631,27.1536026,0.421298176,0.512680948
"387",66.19085693,90.50683594,0.364246547,196.0846863,2071.987305,27.04357719,0.440821499,0.560427129
"388",69.72265625,19.62890816,0.380831927,202.5588531,2628.208496,27.23372459,0.364072889,0.399845868
"389",72.53288269,30.24219131,0.424091935,211.5867767,2920.661621,27.12912369,0.383378148,0.438734472
"390",70.62709045,51.73632813,0.402742177,206.6199951,2479.557861,27.08207512,0.412344307,0.494643986
"391",68.89225006,67.77832031,0.286941648,202.6929169,2116.939453,27.04874229,0.376208544,0.421842098
"392",65.76612854,17.95410156,0.412499249,191.4125519,2514.373291,27.32599831,0.238488048,0.212013334
"393",65.76612854,17.95410156,0.412499249,191.4125519,2514.373291,27.32599831,0.238488048,0.212013334
"394",65.69345093,14.71875095,0.388409525,191.2808533,2480.242676,27.32851601,0.238087758,0.21149154
"395",58.69262314,18.73828506,0.402971596,174.4492188,2309.113281,27.23848343,0.32460627,0.322145432
"396",59.03425217,14.13378811,0.365052432,176.3870392,2885.051025,27.47023964,0.318213224,0.320929736
"397",63.39450836,7.760742664,0.343344957,185.2556,2415.300293,27.27161598,0.339175463,0.349574208
"398",63.3183403,18.40918159,0.367981702,188.4297791,2311.378418,27.45390701,0.291232377,0.284631431
"399",65.07939148,16.51855469,0.389158964,189.9476624,2512.243896,27.34991455,0.302744955,0.299079359
"400",62.3833313,17.72753906,0.410995334,182.6716156,2559.659668,27.26683998,0.36348033,0.380148351
"401",66.07666779,14.3476572,0.41778934,191.7198334,2497.619873,27.31037331,0.25534898,0.235254869
"402",66.07666779,14.3476572,0.41778934,191.7198334,2497.619873,27.31037331,0.25534898,0.235254869
"403",67.24269867,17.26855469,0.44969511,193.0367584,2546.641357,27.25594711,0.320459157,0.332577676
"404",67.11325836,18.44433594,0.458367527,192.6292419,2504.688965,27.25153351,0.342718303,0.365904957
"405",71.92353058,14.15918255,0.298078984,209.6645813,2550.555908,26.95026016,0.285479397,0.276152968
"406",46.87978363,58.71484756,0.326643735,159.6306763,1630.171631,27.05928802,0.337950885,0.343917549
"407",69.94936371,109.4589844,0.459009439,204.3539429,2537.501953,26.62644768,0.368079275,0.400520265
"408",45.41057587,151.5244141,0.327928722,155.2809143,1593.197998,26.73385429,0.354421258,0.324931175
"409",59.18027115,96.65722656,0.461068064,184.3064728,2338.475586,26.51085091,0.392023355,0.432882249
"410",71.92353058,14.15918255,0.298078984,209.6645813,2550.555908,26.95026016,0.285479397,0.276152968
"411",60.33947372,82.8261795,0.411102355,186.6062775,2267.900635,26.56511879,0.271018863,0.248475164
"412",56.71891785,38.91699982,0.414474189,179.8486938,2045.730957,26.78216171,0.368232965,0.388411611
"413",50.35340118,467.5673218,0.45074892,165.0975342,1791.755615,26.23446274,0.316167027,0.317091823
"414",48.5175209,108.7109375,0.402756125,162.1525574,1670.65686,26.66536522,0.34193328,0.359749824
"415",59.22281647,66.48730469,0.433656871,184.7962646,1950.8479,26.85694504,0.33280769,0.332502693
"416",44.95980835,102.2275543,0.343161821,155.7702484,1581.354492,27.16171837,0.313980013,0.305765539
"417",71.66136932,18.4853611,0.304349929,208.9750061,2528.580811,26.91605949,0.304481864,0.302664012
"418",71.39939117,24.01954079,0.326698601,208.2854156,2438.740723,26.88185883,0.324178904,0.330611259
"419",71.93637848,37.77245331,0.311940938,209.3856506,2530.059814,26.87259865,0.300994158,0.297559023
"420",51.11063004,185.6191406,0.390720993,164.8694916,1537.462646,27.29691887,0.176177964,0.134344921
"421",55.22218704,13.03418064,0.356292248,170.9698792,1939.815186,27.66885185,0.22632201,0.191500723
"422",60.32343674,20.56445313,0.392650694,183.422699,2027.068237,27.50580215,0.207503766,0.172471553
"423",50.17613602,64.03417206,0.303768843,162.9744415,1386.544189,27.24075508,0.206733212,0.168687001
"424",50.66495895,36.94921875,0.258722126,164.0695801,1360.948242,27.25047684,0.172873542,0.131759182
"425",59.89217377,10.00781345,0.348403186,181.3141937,2173.598877,27.57322121,0.203925252,0.16802448
"426",60.91711044,14.63085938,0.408119798,183.7331238,2137.216064,27.52501488,0.218689233,0.183158264
"427",60.93368912,13.07226563,0.383280665,182.7164459,2611.924072,27.52170181,0.274520546,0.256048292
"428",53.55478668,19.09570503,0.414840907,166.3282166,1874.696167,27.67649078,0.323467433,0.325516999
"429",61.55271149,16.25585938,0.365389109,185.3830261,2130.658203,27.5006218,0.221977517,0.186990574
"430",48.54267502,151.769516,0.411838144,159.2553711,1564.139771,27.25387764,0.233678684,0.201612264
"431",54.06668854,11.64941597,0.378127128,167.5644989,1928.69873,27.68051338,0.231256723,0.197387516
"432",59.68305206,15.42285252,0.325479865,181.5791321,1979.108643,27.5490303,0.186912075,0.148422614
"433",54.94763184,43.06152344,0.388184428,172.9538727,1792.056152,27.44935036,0.224451154,0.193686604
"434",52.28507614,9.268098831,0.278208375,160.1230469,994.0182495,27.67864609,0.316604078,0.308700383
"435",49.26451874,181.0791016,0.402276903,160.802475,1556.466431,27.25989532,0.255320519,0.230035082
"436",44.92736053,342.8574219,0.434282929,147.8514557,1406.254761,27.25678635,0.223705068,0.19832097
"437",49.25169373,92.73731232,0.294784576,155.9145355,1604.200439,27.60438347,0.221964061,0.194579333
"438",48.98959732,71.06348419,0.23920092,154.9728394,1586.837891,27.62003708,0.192092493,0.158013821
"439",49.50398254,75.13378906,0.243107557,156.3006592,1632.906738,27.63216209,0.199647173,0.166969702
"440",46.47319794,250.2294922,0.486474246,152.2178802,1499.126953,27.26558113,0.305100918,0.313518316
"441",44.90962982,330.5693359,0.456804156,147.5422974,1417.848267,27.28366661,0.266802609,0.254868597
"442",38.41863251,404.5312805,0.435932606,131.5137939,1233.365845,26.92283058,0.283906221,0.268158495
"443",47.50828171,271.7207031,0.477365792,155.219162,1544.617798,27.26451111,0.238063782,0.217400655
"444",52.85076523,22.10840034,0.433989733,164.8971405,1837.467407,27.65481758,0.271070719,0.257556438
"445",49.13210297,54.60253906,0.446052164,154.6801147,1914.06958,27.70201111,0.292139918,0.288656503
"446",43.77282333,18.11914253,0.503990114,137.6526031,1598.352905,27.67673683,0.445356876,0.556282222
"447",40.47122192,228.9824219,0.4197402,135.5680542,1139.677856,27.0809021,0.271443605,0.254761904
"448",49.08933258,104.0810547,0.432813227,156.0923004,1664.132202,27.56144333,0.309819639,0.318326503
"449",49.22492599,74.78515625,0.249524727,155.3384094,1684.266479,27.64961052,0.203485459,0.171464071
"450",50.2226181,40.08691788,0.396220982,157.9120636,1829.028442,27.67177391,0.324430496,0.338156164
"451",64.21124268,9.063802719,0.284555972,190.2927094,3487.989258,27.3203125,0.297599107,0.30191505
"452",64.21124268,9.063802719,0.284555972,190.2927094,3487.989258,27.3203125,0.297599107,0.30191505
"453",63.47237396,8.463541985,0.287965775,188.6760406,3522.770996,27.3205452,0.303609252,0.310895681
"454",63.47237396,8.463541985,0.287965775,188.6760406,3522.770996,27.3205452,0.303609252,0.310895681
"455",64.21124268,9.063802719,0.284555972,190.2927094,3487.989258,27.3203125,0.297599107,0.30191505
"456",64.21124268,9.063802719,0.284555972,190.2927094,3487.989258,27.3203125,0.297599107,0.30191505
"457",64.21124268,9.063802719,0.284555972,190.2927094,3487.989258,27.3203125,0.297599107,0.30191505
"458",64.32607269,11.53988838,0.348570466,190.7670135,3408.895996,27.32135391,0.345254898,0.376143545
"459",67.70573425,7.187238693,0.310622305,194.4953156,2282.4646,27.28927994,0.278374642,0.271086186
"460",65.04867554,33.75585938,0.427016497,190.837677,2250.547363,27.29414177,0.199965805,0.169239968
"461",67.24978638,17.58789253,0.305746406,194.6098938,2092.980713,27.27486992,0.231618553,0.207564056
"462",67.42282867,22.61914063,0.265380085,195.2277222,2069.641357,27.26462746,0.230792865,0.205829367
"463",67.71127319,16.41015625,0.20104906,195.522171,1962.026611,27.27799606,0.193737701,0.160712272
"464",68.01176453,9.333834648,0.252395153,195.7994843,2135.406494,27.28684998,0.233133629,0.209360749
"465",63.5734024,17.09765625,0.395266175,188.6360474,2256.170654,27.36083603,0.248469129,0.23141022
"466",66.27655029,12.15234375,0.37921688,192.3343353,2424.032715,27.30837822,0.263931334,0.251429886
"467",68.09790802,6.330934525,0.218700752,195.3795166,2207.422852,27.29172516,0.22102204,0.193585232
"468",66.88091278,29.54004097,0.369193643,194.5874481,2153.31958,27.22434998,0.319440007,0.330507249
"469",67.05470276,26.33886719,0.338164717,194.615799,2134.75,27.25412369,0.266339272,0.254068136
"470",69.37856293,24.6640625,0.341971159,200.7300873,2429.276855,27.26753616,0.408521116,0.477587134
"471",62.03664017,20.54296875,0.367614865,186.1063232,2257.714111,27.38563347,0.18651332,0.153425261
"472",69.01570892,28.65332031,0.372785091,200.0437012,2383.947754,27.24704933,0.41084832,0.481882125
"473",68.74974823,17.9375,0.337171465,198.0673065,2296.435791,27.30108643,0.279058784,0.271068901
"474",68.11766052,22.43261528,0.331513464,197.1095581,2278.351563,27.26367188,0.308672607,0.314019054
"475",68.59806824,14.43164063,0.274509609,197.8149261,2437.355713,27.31035995,0.308771044,0.315274119
"476",34.57414627,429.9677734,0.34793973,113.3298645,1185.738037,26.66928482,0.288541079,0.301643401
"477",34.1582756,413.6445313,0.343793213,112.3215256,1167.592407,26.63956833,0.319466561,0.355074376
"478",34.57414627,429.9677734,0.34793973,113.3298645,1185.738037,26.66928482,0.288541079,0.301643401
"479",35.15156555,372.5126953,0.521260977,113.4965286,1301.663208,26.77591133,0.371219039,0.452713847
"480",35.41383362,405.5419922,0.456209332,115.3465271,1231.428345,26.7287178,0.329204887,0.371890098
"481",34.28442764,380.1025391,0.422772437,112.9416962,1232.972412,26.63721085,0.345866263,0.404225081
"482",35.15156555,372.5126953,0.521260977,113.4965286,1301.663208,26.77591133,0.371219039,0.452713847
"483",31.5602684,465.2167969,0.471031129,104.6666718,1285.967041,26.61966133,0.384585172,0.47307831
"484",36.82158279,339.3466797,0.495769799,121.4712677,1276.986328,26.83732605,0.392406046,0.497775793
"485",32.48802948,559.8466797,0.454076439,108.7305527,1280.944336,26.63242149,0.369624704,0.449327826
"486",31.68317604,555.4003906,0.488243848,106.3449097,1283.479492,26.67362595,0.376542956,0.459880799
"487",32.31613159,500.8300781,0.440880954,111.3770447,1367.605591,26.73307419,0.353712291,0.414348155
"488",33.8579483,556.9042969,0.481493503,111.0145874,1303.989746,26.63951111,0.362685561,0.439740986
"489",30.60396194,548.7626953,0.419403195,104.9009247,1206.494995,26.81291962,0.35509634,0.412711352
"490",30.29431343,44.90722275,0.147596568,99.41110992,1250.887695,28.00473213,0.239364699,0.207415089
"491",27.71999168,6.649415016,0.347880214,96.14770508,1278.009033,28.09678841,0.261994869,0.236815631
"492",30.13755989,57.82714844,0.176711708,98.5513916,1235.655396,27.99344635,0.277695924,0.260898054
"493",31.20240021,31.54785156,0.268049926,102.0569458,1335.635132,27.99966812,0.28058517,0.263668627
"494",31.02030754,14.53223228,0.320225835,101.5277786,1370.199341,28.00068092,0.278184205,0.260610819
"495",30.62902451,11.22948837,0.263127714,100.7416687,1447.118408,28.01378822,0.230595917,0.19616206
"496",30.57400131,5.687497616,0.116903663,101.2861099,1522.397461,28.03595161,0.227028191,0.192455962
"497",29.79006767,8.224610329,0.339902222,99.70837402,1233.01709,28.05865288,0.239483356,0.208312526
"498",29.51167107,4.684570789,0.318437934,99.58267975,1331.380249,28.07369804,0.253459007,0.227164894
"499",30.42248726,22.13476372,0.160580292,100.523613,1443.108276,28.02669334,0.213083357,0.173961952
"500",29.99559784,4.112304688,0.298015326,100.5347214,1329.107422,28.06723213,0.222793326,0.186775014
"501",26.95355034,6.27734375,0.348964512,95.21053314,1171.108032,28.10383415,0.273011893,0.252501488
"502",30.47545624,28.83690834,0.20416601,99.9402771,1313.126709,28.00371933,0.237953261,0.205485448
"503",31.38473129,29.39941216,0.311924726,102.586113,1361.619385,27.99865532,0.314030319,0.313424766
"504",29.50954056,6.168945789,0.254815876,99.16819,1227.554932,28.06345558,0.222384542,0.184795737
"505",30.37030983,6.153320313,0.117966466,101.1069489,1324.410767,28.04966736,0.197201207,0.155366942
"506",30.34451294,2.959961653,0.187830776,101.398613,1396.212891,28.06115532,0.20214659,0.161591336
"507",30.51976013,4.501302719,0.151372463,101.8305588,1468.241699,28.05811691,0.219250113,0.182852015
"508",25.98015022,104.0410233,0.378539532,87.97618866,963.9938965,28.17300415,0.351925522,0.335017294
"509",28.0012207,60.06152344,0.480524719,93.33294678,1261.037598,28.05732155,0.342749894,0.325924873
"510",33.13074112,84.71777344,0.432943642,107.3125458,1429.011475,27.98168373,0.365801573,0.376551718
"511",26.50379562,31.43652725,0.402488023,91.9477005,1187.455566,28.12109375,0.308451742,0.277870625
"512",31.41701889,43.63281631,0.336755931,102.3916702,1353.31604,27.98919296,0.320636302,0.323163033
"513",31.43384552,29.95507813,0.381817222,102.404213,1359.681885,27.96853256,0.328703791,0.305279374
"514",28.19869995,84.08985138,0.285871148,94.05400848,1019.603699,28.0225544,0.334055215,0.31071201
"515",28.22420311,102.5498123,0.484127492,93.56617737,1230.088745,28.04991341,0.436314076,0.461159974
"516",31.48857117,73.40722656,0.491752833,103.4585495,1421.825562,27.91675377,0.500961185,0.653229713
"517",25.71313858,84.16699219,0.418700248,87.68804932,1200.996582,28.14887238,0.347616583,0.330528587
"518",32.11315918,49.59667969,0.491610885,104.7896271,1406.698364,27.95251846,0.472834289,0.583846092
"519",31.41701889,43.63281631,0.336755931,102.3916702,1353.31604,27.98919296,0.320636302,0.323163033
"520",30.52673531,19.8984375,0.344170749,99.54180145,1328.248901,27.97851563,0.375932455,0.371281534
"521",28.68196297,53.13965988,0.459218204,95.1397171,1143.746338,28.01254463,0.496566117,0.590434849
"522",30.71306801,13.94335938,0.406128049,99.92500305,1344.898193,27.98054123,0.348221451,0.332980573
"523",36.09411621,416.3778992,0.437345535,121.7440109,1232.036621,26.71367264,0.296788037,0.287152112
"524",37.17705536,409.4844055,0.443800926,124.7351608,1246.227783,26.88389778,0.310619086,0.307112902
"525",38.12086105,336.1220703,0.394804627,122.0755539,1268.765747,26.91116905,0.366887718,0.39396444
"526",39.07122421,347.8251953,0.488297522,123.9233856,1334.740601,27.12459564,0.315117687,0.313639194
"527",41.84004211,9.853515625,0.358846277,131.3875427,1891.019165,27.95078087,0.367620975,0.397731245
"528",45.92912292,3.503905535,0.273798525,143.1916199,1865.39563,27.86636353,0.282913446,0.266461819
"529",41.96858978,25.55664635,0.458692431,132.0589752,1695.543945,27.85057831,0.30898428,0.305530399
"530",40.17188263,82.4824295,0.46045059,127.0958939,1542.569214,27.75219917,0.320117086,0.319744408
"531",39.48614883,33.21582413,0.489089847,125.0206146,1551.018066,27.92479706,0.327738583,0.32722196
"532",38.63001633,261.2724609,0.452670008,128.9763031,1268.623779,27.09231758,0.358674198,0.384795368
"533",42.44633865,11.06445503,0.303870142,133.0059052,1945.444946,27.94327354,0.379643887,0.415403634
"534",42.57527542,134.0986328,0.522841215,138.0764465,1326.040894,27.38718224,0.40424788,0.470712483
"535",39.29245758,315.1464844,0.440757036,128.3348999,1139.893311,27.11744881,0.296676517,0.287330031
"536",37.09375381,248.3935547,0.412569106,117.015976,1287.175049,27.25329971,0.319186181,0.323999912
"537",38.42939377,210.6630859,0.508755744,121.4895859,1420.762329,27.32517433,0.470181853,0.613854766
"538",28.44753075,351.015625,0.391103983,96.33020782,1124.784302,27.23819542,0.330799967,0.346544027
"539",32.16996765,271.3476563,0.407443136,104.4197464,1265.942017,27.04418373,0.373014808,0.419693917
"540",29.78871536,380.6894531,0.457473934,100.0098419,1251.743286,26.84004593,0.346278012,0.372011244
"541",32.36220932,376.1552734,0.470419168,104.7375412,1292.231445,26.77387238,0.419912547,0.513413429
"542",29.05144691,227.2226563,0.421654493,96.98947144,1125.907349,27.43362236,0.384473443,0.436819583
"543",29.86437607,319.9570313,0.342036456,99.30034637,1199.021729,26.92083359,0.369689047,0.413907796
"544",30.16071892,311.5390625,0.300003588,99.63553619,1187.732666,26.88657379,0.319138438,0.330075175
"545",29.55809784,252.0908203,0.433000356,98.24988556,1192.976685,27.43049812,0.391330928,0.450388044
"546",33.73051071,237.3046875,0.524527252,108.1118546,1352.40979,27.15350151,0.482227564,0.691902995
"547",32.48479462,391.7792969,0.376272887,105.1333313,1277.588745,26.63925171,0.331282765,0.35134694
"548",31.35826302,347.7744141,0.49203518,102.3294754,1269.189209,26.64626694,0.451347679,0.589524567
"549",28.9477787,385.7363281,0.469897062,97.71006775,1174.46814,27.08889008,0.417993963,0.483194351
"550",29.86437607,319.9570313,0.342036456,99.30034637,1199.021729,26.92083359,0.369689047,0.413907796
"551",30.00395584,297.2607422,0.34213984,99.08207703,1093.256104,27.01328087,0.320780098,0.331478864
"552",35.04506683,242.2832031,0.505437553,111.2082596,1357.503906,27.22667885,0.455900669,0.613359451
"553",27.67300034,305.9316406,0.277399957,93.87200928,985.2442017,27.46354294,0.383777589,0.401697904
"554",29.35765457,226.7998047,0.191496953,98.21562958,1000.172424,27.73836899,0.334653765,0.333444029
"555",29.35363007,188.9941406,0.203597888,98.26331329,1009.973022,27.78165627,0.332558841,0.328775406
"556",25.52721024,152.4257813,0.356916189,87.40742493,910.9547729,27.98098946,0.421328813,0.461821109
"557",25.57836151,288.7353516,0.408102006,89.1479187,930.2189941,27.57947159,0.465090215,0.555770159
"558",27.01390457,329.0351563,0.282672942,94.30947876,1002.666687,27.39455986,0.328986764,0.319877684
"559",29.71377563,204.2753754,0.282442361,99.13877869,1076.142456,27.75827599,0.358381331,0.370778203
"560",27.53722,288.9072266,0.253691226,93.7269516,965.3197021,27.45937538,0.329037368,0.318693876
"561",25.44012451,378.9990234,0.328180164,94.76888275,1029.459595,27.51883698,0.473117769,0.584125638
"562",30.26685333,184.8994141,0.507682562,100.5427094,1225.356812,27.77135468,0.489011407,0.658650994
"563",25.84317207,351.4628906,0.365698814,92.37812805,992.6224976,27.39058113,0.475991219,0.583962262
"564",28.67674828,227.8076172,0.370601565,96.45544434,1094.304077,27.70827675,0.449663877,0.535191238
"565",28.99586296,188.3622894,0.335983098,97.3878479,1076.487793,27.80503464,0.383686811,0.408388555
"566",29.17445183,167.1533203,0.249156743,97.82558441,1044.704224,27.7933445,0.359950334,0.369853854
"567",28.18212128,259.1142578,0.467549235,95.08530426,1098.802124,27.62320709,0.486413956,0.634573758
